id,sentiment
3862_4,0
674_10,1
8828_10,1
2963_8,1
2483_1,0
9159_1,0
1073_2,0
6684_1,0
5923_7,1
6352_2,0
9919_9,1
9407_4,0
5561_3,0
2093_3,0
6668_2,0
5215_2,0
8561_3,0
6488_10,1
1945_8,1
6712_2,0
7986_4,0
1269_2,0
8146_10,1
8560_1,0
7747_1,0
8420_9,1
2475_3,0
5466_8,1
2386_8,1
8059_10,1
793_2,0
6326_10,1
6742_4,0
4391_8,1
10517_8,1
10009_1,0
2860_9,1
359_8,1
2469_10,1
8962_9,1
4297_1,0
2341_8,1
820_10,1
8721_1,0
1806_4,0
5209_8,1
8388_1,0
1213_10,1
5278_7,1
3625_2,0
1937_10,1
4095_8,1
6804_1,0
9596_1,0
8178_8,1
10774_8,1
154_8,1
5309_1,0
8411_7,1
9909_7,1
1005_3,1
4712_7,1
7088_1,0
2992_7,1
3971_8,1
9476_4,0
2344_9,1
9283_8,1
3849_4,0
11415_8,1
8647_1,0
6777_4,0
504_8,1
5661_2,0
12209_7,1
583_8,1
6467_7,1
5882_1,0
10002_1,0
9750_10,1
7790_9,1
2222_10,1
9326_2,0
5224_10,1
10617_8,1
11021_1,0
4297_9,1
10383_2,0
7224_8,1
9743_1,0
5823_10,1
244_4,0
10251_10,1
3113_1,0
5605_7,1
6955_1,0
12262_3,0
9977_4,0
8143_10,1
11996_1,0
3636_8,1
2761_1,0
11312_9,1
6479_10,1
7837_4,0
8338_3,0
1045_8,1
6539_1,0
3955_1,0
11891_9,1
7387_7,1
12253_9,1
10852_10,1
8845_3,0
9964_10,0
352_10,1
959_4,0
10975_3,0
966_2,0
7924_9,1
9400_8,1
7732_4,1
4722_1,1
11726_9,1
377_1,0
4627_7,1
883_9,1
10166_2,0
11728_2,0
10159_7,1
147_4,0
2175_1,0
1958_4,0
2901_1,0
10859_4,0
12188_4,0
4504_9,1
11340_4,0
1372_7,1
8609_3,0
1734_2,0
11336_7,1
6497_1,0
4452_4,0
10367_4,0
3724_1,0
4499_9,1
6082_9,1
4392_9,1
12012_2,0
3976_10,1
11157_3,0
2536_1,0
5789_9,1
797_1,0
1010_10,1
6634_2,0
11343_4,0
7284_8,1
5075_7,1
7908_2,0
8319_10,1
7273_8,1
5620_3,0
518_3,0
27_1,0
1657_9,1
8978_10,1
4090_3,0
11498_7,1
276_2,0
5927_4,0
10835_10,1
7222_8,1
7928_4,0
9030_10,1
8621_10,1
2433_8,1
1868_1,0
6751_8,1
10153_9,1
2092_3,0
9103_1,0
2371_3,0
11106_1,0
5198_7,1
8664_1,0
1300_1,0
4088_1,0
4396_10,1
10463_10,1
9496_10,1
11291_10,1
7566_1,0
7561_2,0
1014_9,1
8320_8,1
5301_8,1
10318_7,1
4924_7,1
12162_8,1
11404_10,1
2803_10,1
11863_10,1
11943_1,0
11031_8,1
9897_4,0
6747_8,1
3291_8,1
7145_1,0
3957_10,1
4702_1,0
9869_3,0
9194_9,1
5138_10,1
9314_10,1
1964_7,1
1907_2,0
208_9,1
5853_10,0
7588_8,1
1367_1,0
6787_9,1
10231_1,0
10454_1,0
11945_3,0
5854_1,0
5091_1,0
10792_9,1
10507_10,1
5898_8,1
9651_3,0
11880_10,1
10380_4,0
942_2,0
7579_8,1
8493_1,0
6654_1,0
9291_7,1
12371_1,0
7143_2,0
12465_9,1
3116_2,0
7378_4,0
4677_9,1
11501_8,1
420_7,0
2836_1,0
9234_4,0
11963_10,1
1955_1,0
2439_2,0
168_1,0
11300_4,0
2626_4,0
4395_10,1
3981_10,1
12415_8,1
11810_7,1
4600_10,1
399_2,0
6136_2,0
2267_8,1
7337_10,1
8687_2,0
12339_4,0
9648_8,1
3024_1,0
909_8,1
3590_1,0
4328_3,0
7940_7,1
12083_3,0
9534_10,1
11613_2,0
8344_10,1
10962_3,0
8902_7,1
7389_10,1
8085_7,1
1823_1,0
8468_3,0
11941_8,1
5282_4,0
8359_4,0
8939_1,0
6201_1,0
6712_9,1
191_3,0
1451_2,0
5216_8,1
10923_1,0
12032_8,1
4357_10,1
7754_2,0
5274_3,0
4053_8,1
8448_10,1
2054_9,1
9500_7,1
10693_8,1
11694_7,0
2022_4,0
3410_3,0
758_2,0
1793_4,0
1840_10,1
7570_10,1
8172_1,0
2038_7,1
3246_4,0
1963_4,0
6434_3,0
10696_7,1
12018_3,0
8470_2,0
2317_1,0
7101_2,0
10160_4,0
7010_10,1
8522_2,0
324_1,0
930_7,1
7007_8,1
9431_10,1
7773_1,0
9546_8,1
9818_7,1
9463_10,1
4857_7,1
12050_2,0
5036_9,1
3505_1,0
7256_3,0
1922_9,1
5950_4,0
1594_8,1
7938_7,1
11177_3,0
4769_7,1
8645_8,1
4154_10,1
823_4,0
5139_4,0
3366_1,0
2943_1,0
3411_1,1
4383_9,1
4955_9,1
6285_1,0
3533_10,1
6218_7,1
10546_1,0
2714_10,1
11395_4,0
3563_4,0
5925_3,0
8502_1,0
2133_10,1
5943_10,1
7050_3,0
11941_4,0
512_10,1
2201_3,0
10273_2,0
506_2,0
11685_8,1
915_4,0
1153_10,1
9931_4,0
11703_1,0
3046_4,0
2458_2,0
10231_10,1
4077_1,0
49_4,0
9387_9,1
4115_1,0
7056_4,0
1796_2,0
4462_9,1
5628_7,1
3777_4,0
9208_7,1
4895_10,1
1594_1,0
337_9,1
298_4,0
10650_8,1
5785_10,0
7485_8,1
10454_9,1
1850_10,1
4465_2,0
9354_9,1
5461_3,1
1906_1,0
7448_8,1
3622_8,1
685_8,1
12267_8,1
2165_4,0
7319_10,1
4337_7,0
5111_10,1
6114_7,1
11439_3,0
368_10,1
7368_1,0
6215_7,1
1323_1,0
11455_8,1
1031_2,0
3082_1,0
9675_4,0
5797_3,0
9265_9,1
5736_7,1
3778_10,0
11777_3,0
573_1,0
3646_8,1
11376_2,0
5887_7,1
12265_10,1
7555_7,1
7531_8,1
7623_4,0
6032_2,0
8227_1,0
2006_3,0
6285_7,1
5839_3,0
1369_4,0
9362_1,0
3206_4,0
11965_4,0
411_2,0
1304_7,1
11306_8,1
2707_1,0
8999_4,0
10413_10,1
6338_1,0
3076_1,0
10726_1,0
3641_4,0
5577_8,1
1828_3,0
9758_4,0
8127_8,1
407_4,1
2036_4,0
638_10,1
998_7,1
2675_1,0
11132_10,1
1555_1,0
4910_1,0
1954_10,1
6217_8,1
7342_7,1
7575_10,1
9977_7,1
4918_7,1
4072_1,0
3739_2,0
7113_2,0
3612_1,0
10059_4,0
2354_1,0
2566_1,0
6039_3,0
6544_10,1
6427_3,0
11707_10,1
10928_7,1
11904_1,0
10215_10,1
3613_8,1
10475_1,0
3396_3,0
11479_10,1
9718_4,0
10063_9,1
5510_1,0
9203_1,1
6766_8,1
602_10,1
3270_1,0
8064_10,1
1985_10,1
10654_1,0
3503_7,1
6727_9,1
7417_2,0
10150_9,1
2172_2,0
1976_10,1
1815_2,0
8050_10,1
7311_9,1
6882_9,1
1717_8,1
11424_1,0
834_8,1
1398_7,1
5826_10,1
9492_7,0
7390_2,0
238_10,1
8556_7,1
3469_4,0
9923_7,1
122_9,1
8255_3,0
2221_8,1
12407_1,0
7559_10,1
2850_9,1
1663_9,1
3452_8,1
2969_10,1
4875_3,1
2071_4,0
5411_10,1
11525_1,0
10285_3,0
6909_1,0
10299_4,0
10917_4,0
143_2,0
4440_7,1
5157_7,1
9611_3,0
9649_1,0
9127_7,1
11975_7,1
1478_4,0
6661_7,1
1707_2,0
4583_7,1
2375_2,0
2573_10,1
7922_7,1
7048_10,1
11145_1,0
7240_1,0
4969_3,0
3994_4,0
2156_1,0
3458_1,0
590_3,0
4526_10,1
5725_9,1
2393_2,0
7786_8,1
12023_4,0
5439_10,1
7797_10,1
1060_4,0
3648_4,0
3037_7,1
1582_8,1
10997_1,0
10321_10,1
11322_9,1
7882_1,0
8703_3,0
12439_1,0
1675_4,0
8246_3,0
9479_2,0
5658_4,1
3394_10,1
75_1,0
6056_2,0
5562_2,0
7800_1,0
5279_1,0
7028_2,0
2894_4,0
548_7,1
6795_9,1
3674_1,0
10496_10,1
1823_7,1
2206_2,0
3369_4,0
1438_4,0
5830_2,0
9135_9,1
4667_10,1
8395_3,1
2409_9,1
11775_10,1
1055_10,1
10388_7,1
10520_9,1
7885_1,0
11829_10,1
11446_2,0
2672_4,0
12196_3,0
10736_10,1
9853_1,0
9140_2,0
7795_1,0
6142_9,1
2303_8,1
12036_7,1
1569_2,0
2881_8,1
9666_1,0
1206_10,1
9550_1,0
9464_8,1
9121_3,0
12239_10,1
9129_4,0
4186_7,1
7654_10,0
6624_1,0
3262_8,1
8967_4,0
4987_10,1
7234_8,1
10742_9,1
3889_2,0
9914_4,0
1366_8,1
9364_9,1
10786_3,0
578_3,0
7688_1,0
280_8,1
8632_9,1
11378_8,1
11320_10,1
9963_10,1
10515_9,1
8973_9,1
8024_4,0
11049_8,1
1028_3,0
5304_10,1
9249_9,1
11453_9,1
8739_9,1
5757_8,1
1868_10,1
339_10,1
2622_4,0
5872_9,1
4929_3,0
3888_10,1
5668_3,0
1706_3,0
4669_10,1
6690_1,0
8336_1,0
6789_8,1
11423_1,0
7553_10,1
1863_10,1
9642_4,0
6717_7,1
7364_7,1
8578_2,0
9609_7,1
11740_10,1
8068_9,1
3795_9,1
1311_4,0
6496_1,0
8286_1,1
5948_8,1
1282_9,1
6638_4,0
4536_1,0
10630_1,0
141_3,0
2945_10,1
12494_1,0
11165_8,1
5331_10,1
9814_10,1
429_3,0
9025_9,1
11654_4,0
2111_7,1
12101_4,0
3991_4,0
4442_4,0
6192_1,0
264_2,0
12389_1,0
9243_4,0
6418_1,0
7079_1,0
2612_2,0
2474_10,1
8092_3,0
2274_9,1
8192_1,0
12063_10,1
12142_9,1
2323_3,0
6833_2,0
799_8,1
3332_8,1
78_10,1
8934_10,1
11208_4,0
4898_7,1
2376_4,0
11706_10,1
8933_4,0
8817_8,1
9023_10,1
3783_4,0
4739_7,1
8383_1,0
4863_2,0
7110_8,1
10834_7,1
10738_9,1
4052_1,0
954_4,0
9154_1,0
9155_1,0
11672_10,1
4319_1,1
541_7,1
1994_10,1
3058_9,1
12394_10,1
5010_1,0
495_7,1
6786_1,0
858_1,0
11706_3,0
5669_1,0
11718_1,0
7821_1,0
30_7,0
3598_10,1
3817_8,1
1657_1,0
3113_9,1
5469_7,1
11833_1,0
8437_10,1
9507_10,1
8035_1,0
10845_10,1
9598_4,0
4998_3,1
7786_1,0
6100_2,0
11309_3,0
4879_10,1
2967_1,0
9991_10,1
11016_7,0
10_2,0
1705_10,1
3270_8,1
5732_7,1
3048_1,0
7715_8,1
12483_9,1
5281_10,1
6476_4,0
7268_4,0
2990_2,0
1784_10,1
7781_8,1
12272_7,1
3435_10,1
6922_3,1
12001_8,1
12091_8,1
11260_7,1
10365_8,1
939_2,0
10220_7,1
11578_10,1
334_4,0
4852_1,0
11738_2,0
9279_7,1
2228_1,0
2925_10,1
9207_1,0
10550_4,0
2101_4,0
1055_2,0
12060_3,0
12489_1,0
3894_10,1
7823_7,1
9019_8,1
2946_1,0
3624_10,1
5711_8,1
5692_7,1
11631_1,0
11562_2,0
11160_1,0
10656_4,0
3668_7,1
7320_10,1
3140_1,0
10945_1,0
380_4,0
2937_3,0
3139_1,0
405_3,1
6228_1,0
1702_1,0
1729_8,1
1526_1,0
112_1,0
1909_1,0
7915_8,1
7309_1,0
10042_1,0
11681_9,1
6388_4,0
9549_1,0
11235_8,1
10629_10,1
10605_1,0
2010_3,0
6744_8,1
5152_9,1
11027_10,1
5537_3,0
10922_10,1
6507_10,1
9408_3,0
4466_8,1
2856_1,0
6065_10,1
5568_8,1
2972_7,1
995_3,0
9589_4,0
101_8,1
7052_8,1
12313_10,1
12325_9,1
11081_1,0
5088_8,1
67_10,1
10720_2,0
7016_4,0
5655_1,0
3697_7,1
928_1,0
3902_10,1
947_10,1
9500_2,0
11550_7,1
2314_7,1
4487_1,0
6830_4,0
11134_1,0
6330_10,1
10703_3,0
5542_9,1
11467_10,1
12329_1,0
2839_10,1
5111_1,0
10166_7,1
3134_3,0
10683_7,1
1915_10,1
9145_10,1
2643_10,1
1269_8,1
3301_3,0
9806_1,0
3912_3,0
5545_8,1
8464_1,0
10129_1,0
3157_4,0
2520_10,1
203_7,1
5258_10,1
1542_10,1
658_10,1
3203_10,1
9954_8,1
7000_7,1
3320_2,0
11429_7,1
7139_1,0
682_10,1
681_1,0
5275_4,0
7963_4,0
5363_9,1
5431_3,0
1822_3,0
8950_4,0
11228_4,0
10158_7,1
11114_1,0
6378_8,1
11573_10,1
4644_1,0
6373_10,1
8893_4,0
1123_1,0
1782_7,1
8575_2,0
4166_3,0
2751_10,1
5922_1,0
10192_8,1
1853_8,1
5011_1,0
11187_9,1
4481_8,1
1551_4,1
6525_2,0
1169_8,1
5844_1,0
3272_4,0
8272_7,1
87_4,0
1196_1,0
11537_7,1
1600_7,1
3921_1,0
7397_8,1
8728_4,0
6300_4,0
580_9,1
5834_9,1
3247_3,0
9736_3,0
8835_1,0
4156_1,0
1372_1,0
5644_2,0
5622_2,0
12077_8,1
5298_8,1
677_1,0
9612_4,0
3239_10,1
3485_3,0
9070_7,1
2096_10,1
11115_10,1
1240_1,0
7858_10,1
7478_10,1
8956_8,1
4135_1,0
8005_4,0
5032_10,1
3853_1,0
10655_3,0
2970_10,1
5037_4,0
4014_10,1
11757_9,1
5927_9,1
11661_7,0
8964_1,0
6224_7,1
2786_2,0
9900_4,0
3592_3,0
1479_8,1
9045_9,1
10044_9,1
2806_10,1
2879_1,0
6558_8,1
10418_9,1
616_7,1
6529_7,0
947_2,0
9542_10,1
4613_10,1
10529_10,1
10218_3,0
5788_1,0
10878_1,0
10499_10,1
8037_10,1
11236_8,1
44_8,1
4457_4,0
9782_4,0
8043_1,0
2467_10,1
10017_9,1
959_7,1
4928_7,1
11485_10,1
11221_10,1
1753_9,1
2357_10,1
11486_8,1
844_8,1
269_1,0
103_7,1
11699_10,1
10123_10,1
7610_3,0
766_10,1
8642_8,1
1667_1,0
2022_9,1
11210_1,0
2720_7,1
461_8,1
7969_10,1
3230_8,1
12411_7,1
8463_1,0
6247_10,1
7051_10,1
6074_7,1
5265_1,0
6420_7,1
5548_4,1
1911_3,0
9504_2,0
7338_7,1
2521_10,1
9874_8,1
581_4,0
4078_2,0
575_10,1
10135_7,1
9473_10,1
5946_4,0
9909_3,0
1905_1,0
1049_3,0
2502_8,1
7536_10,1
8096_10,1
6576_8,1
4203_8,1
6433_7,1
1683_7,1
356_10,1
675_9,1
10298_9,1
3631_7,1
11442_1,0
3110_8,1
4841_2,0
3593_3,0
755_10,1
6568_9,1
4431_4,0
195_8,1
7425_9,1
1365_2,0
11056_10,1
3367_1,0
7485_4,0
3941_3,0
11568_4,0
10992_1,0
5523_1,0
6593_1,0
3699_10,1
8832_7,1
4525_8,1
2306_1,0
11957_1,0
581_10,1
736_4,0
5863_1,0
9017_3,0
7940_1,1
10418_1,0
2804_8,1
8823_1,0
11045_9,1
8769_7,1
5567_7,1
12302_7,1
8095_8,1
11272_10,1
10960_8,1
1834_8,1
4582_7,1
961_9,1
3391_7,1
4688_3,0
4224_4,0
4723_1,0
12182_8,1
3_10,1
11345_2,0
11370_1,0
11377_9,1
4171_4,0
3928_3,0
9047_4,0
11512_1,0
3085_1,0
5164_10,1
9127_1,0
707_3,0
12456_10,1
3416_4,0
8148_8,1
5234_10,1
12493_1,0
4951_1,0
10109_10,1
4040_8,1
6470_3,0
6031_3,0
12050_10,1
7123_10,1
5706_2,1
10591_10,1
8985_9,1
10077_10,1
2106_10,1
171_1,0
9205_1,0
11178_7,1
7758_4,0
9415_4,0
7849_9,1
2097_4,0
11304_7,1
5553_4,0
1977_1,0
10579_10,1
10992_10,1
4728_1,0
4180_10,1
7531_4,0
4657_10,1
4142_1,0
4111_10,1
11988_4,0
7310_1,0
9903_9,1
2140_10,1
10673_10,1
10959_10,1
3549_3,0
2330_4,0
5573_2,0
7552_10,1
9319_8,1
12249_8,1
3375_3,0
3785_3,0
11141_10,1
4914_1,0
10843_1,0
10161_2,0
11697_10,1
9666_10,1
1649_1,0
9581_2,0
5153_8,1
1402_4,0
3097_9,1
9655_1,0
4023_3,0
1777_3,0
4751_8,0
12062_4,0
2402_7,1
7583_7,1
5520_9,1
7287_2,0
10916_3,0
11476_10,0
2690_9,1
4563_8,1
8862_3,0
10534_7,1
2407_2,0
7692_2,0
3169_8,1
5816_3,0
12484_8,1
5578_10,1
4457_8,1
3778_3,0
10536_4,0
2541_1,0
1221_4,0
5800_2,0
1255_3,0
1210_8,1
1776_1,0
6936_2,0
759_1,0
5451_8,1
2100_7,1
10401_10,1
10053_4,0
5376_7,1
7744_10,1
6399_7,1
12488_8,1
1401_3,0
10993_1,0
7836_8,1
5439_2,0
1227_8,1
11186_2,0
9238_4,0
9675_8,1
10875_2,0
11425_1,0
7946_4,0
962_2,0
11876_10,1
3316_10,1
9763_4,1
4178_4,0
8055_8,0
4528_8,1
9579_4,0
889_3,0
4796_1,0
229_1,0
1574_9,1
7174_9,1
4975_8,1
2099_10,1
1472_8,1
9550_7,0
5193_9,1
7773_10,1
7511_9,1
2849_7,0
9242_10,1
9341_4,0
2744_3,0
1570_8,1
3129_1,0
9752_1,0
503_2,0
10196_1,0
11247_2,0
12049_10,1
5458_4,0
4313_9,0
6721_3,0
5285_7,1
7377_9,1
3827_10,1
6170_10,1
685_1,0
11531_10,1
1358_4,0
6693_1,0
331_1,0
4272_2,0
11791_8,1
1280_4,0
1819_9,1
2649_7,1
5047_8,0
4192_10,1
3225_10,1
8597_1,0
3862_9,1
10715_8,1
8259_9,1
475_10,1
1237_8,1
2351_10,1
2777_2,0
12490_1,0
8850_4,0
5167_3,0
7509_8,1
12318_1,0
11895_1,0
8796_8,1
9226_8,1
3772_10,1
7719_9,1
539_4,0
9929_7,1
7958_10,1
1295_10,1
6273_9,1
4531_8,1
4624_4,0
2623_1,0
9521_10,1
8052_9,1
4596_2,0
1648_10,1
7_3,0
6140_2,0
6188_9,1
2688_1,0
3685_3,0
5483_2,0
5585_1,0
3518_1,0
11737_8,1
8476_10,1
6316_2,0
10229_3,0
7800_8,1
8972_10,1
10092_8,1
8033_1,0
6666_7,1
7635_1,1
9598_10,1
10951_1,0
7642_1,0
4612_10,1
4990_1,0
1043_3,0
6462_2,0
6835_2,0
8269_1,0
6545_4,0
2418_2,0
3315_10,1
7093_1,0
7160_1,0
3151_2,0
8596_7,1
940_1,0
8102_7,1
8394_1,0
1829_1,0
6756_10,1
2353_10,1
1490_1,0
9401_1,0
1138_10,1
4018_7,1
10335_8,1
9631_4,0
2406_2,0
1032_7,1
5987_8,1
2722_8,1
1787_2,0
4822_9,1
5987_1,0
10877_10,1
2251_8,0
7007_4,0
8025_9,1
6176_9,1
1898_9,1
530_10,1
2577_10,1
11725_4,0
11295_9,1
12180_10,1
6259_8,1
4204_10,1
2607_1,0
8390_8,1
7032_3,0
748_1,0
3321_7,1
9414_3,0
12093_8,1
10133_7,1
6359_4,0
9637_2,0
6850_7,1
1330_1,0
7211_1,0
5746_1,0
12161_3,0
4861_1,0
10635_1,0
3620_1,0
4451_1,0
6702_8,1
8087_8,1
2235_10,1
11347_3,0
7375_7,1
5687_7,1
10797_8,1
10842_7,1
1350_9,1
9123_10,1
5344_7,1
9767_3,0
12436_3,0
9015_8,1
5117_10,1
1414_10,1
6354_1,0
10868_3,0
1093_2,0
12085_8,1
11556_7,1
8526_4,0
1943_10,1
1001_8,1
6732_4,0
2186_1,0
3667_8,1
8267_7,1
7577_4,0
7253_10,1
4877_9,1
9436_2,0
4362_7,1
7294_1,0
12343_2,0
11980_10,1
5239_3,0
612_10,1
7016_7,1
6969_2,0
4845_1,0
12378_1,0
7135_10,1
9212_1,0
388_1,0
9519_3,0
7562_10,1
4475_1,0
11196_7,1
8710_7,1
7928_10,1
10637_10,1
12206_2,0
7875_7,1
4782_9,1
983_7,1
7776_1,0
4673_1,0
11099_10,1
6417_1,0
11080_1,0
4211_8,1
9999_8,1
12030_9,1
8920_10,1
7154_3,0
12266_4,0
5911_9,1
3125_1,0
53_10,1
4210_9,1
3545_7,1
7231_8,1
9240_10,0
7424_10,1
7094_1,0
9306_1,0
11251_2,0
12036_1,0
1039_9,1
7793_10,1
11618_1,0
7511_1,0
2916_9,1
7182_1,0
8191_4,0
2336_10,1
8911_8,1
1540_10,1
4226_3,0
5852_3,0
6358_1,1
4920_4,0
1316_9,1
1087_1,0
2895_9,1
7707_9,1
2161_10,1
3962_4,0
12418_10,1
9226_4,0
657_10,1
1951_1,1
11279_1,0
9103_10,1
915_10,1
5349_7,1
6112_7,1
4947_8,1
6121_10,1
3079_10,1
7426_1,0
84_3,0
5871_4,0
6523_1,0
3984_7,1
6595_2,0
4840_4,0
1124_10,0
1040_10,1
10009_9,1
1900_8,1
5622_10,1
5802_10,1
5232_8,1
8892_10,1
331_10,1
6070_8,1
3728_10,1
12244_1,0
11040_7,1
4957_8,1
1669_8,1
6567_2,0
11296_3,0
9883_8,1
1811_10,1
6117_10,0
6911_10,1
3286_10,1
2457_2,0
370_1,0
4662_4,0
4949_3,0
12236_2,0
6492_10,1
5455_1,0
6682_10,1
4670_9,1
10028_2,0
3177_9,1
7930_7,1
5778_9,1
8106_7,1
2613_2,0
243_3,0
2486_10,1
8070_8,1
9182_10,1
9331_9,1
11760_8,1
11147_9,1
11002_1,0
10433_4,0
920_10,1
2734_9,1
7441_7,1
11482_9,1
8122_3,0
5005_1,0
5632_8,1
2876_10,1
8827_8,1
10778_3,0
8946_1,0
6878_8,1
2207_3,0
747_1,0
6932_4,0
2678_8,1
2664_1,0
6243_1,0
6575_8,1
4174_9,1
10625_7,1
10464_7,1
10244_7,0
10056_8,1
86_4,0
10891_7,1
8333_9,1
6233_9,1
9088_4,0
9212_9,1
4786_10,1
240_1,0
10378_8,1
6610_8,1
12387_10,1
94_1,0
750_1,0
6608_1,0
37_3,0
9371_7,1
9061_7,1
6656_10,0
6445_10,1
3211_7,0
4123_7,1
12288_9,1
3804_10,1
7955_10,1
7230_1,0
10506_1,0
2467_4,0
6874_8,1
264_7,1
11731_10,1
149_10,1
5398_8,1
8780_10,1
6416_4,0
1941_1,0
2674_7,1
10222_9,1
3970_2,0
7492_1,0
2088_8,1
9090_1,0
7210_1,0
4950_3,0
9993_4,0
434_4,0
10282_2,0
992_7,1
1042_1,0
954_10,1
6347_3,0
1491_9,1
5200_10,1
8683_1,0
1577_9,1
6596_1,0
7608_10,1
6790_3,0
4808_8,1
11547_9,1
6597_1,0
12160_4,0
8679_4,0
10311_3,0
11373_8,1
9797_7,1
1661_8,1
1119_10,1
7889_3,0
4873_8,1
4779_1,0
7853_9,1
10402_1,0
12281_2,0
1209_10,0
3898_10,1
6202_1,0
11747_8,1
5520_1,0
5811_9,1
8160_1,0
8241_2,0
998_2,0
2529_2,0
9245_8,1
5818_7,1
939_10,1
4055_3,0
5662_10,1
11663_8,1
460_2,0
8802_3,0
11683_3,0
11386_8,1
10157_10,1
9149_9,1
5242_7,1
571_10,1
1923_10,1
2607_9,1
2064_1,0
10715_4,0
10219_10,1
7876_8,1
3393_9,1
993_2,0
6515_1,0
2410_9,1
7653_1,0
8215_7,1
8335_1,0
10128_1,0
11743_7,1
11958_9,1
3017_7,1
6355_8,1
3010_8,1
6872_2,0
3672_4,0
4016_10,1
11828_3,0
3574_10,1
6140_9,1
648_7,1
6585_10,1
10097_9,1
9293_7,1
8141_10,1
7342_2,0
4738_4,0
1494_8,1
4107_4,0
7249_1,0
10670_3,0
8379_1,0
7479_8,1
11665_3,0
1192_8,1
10583_3,0
12043_2,0
9122_7,1
7255_2,0
3900_10,1
10667_8,1
8067_8,1
8445_10,1
3219_10,1
2582_8,1
3542_1,0
5758_2,0
10641_2,0
6367_7,1
10417_8,1
8851_7,1
7431_10,1
9583_8,1
5242_1,0
603_10,1
8211_7,1
5899_7,1
1743_9,1
6474_3,0
8268_1,0
11763_3,0
3257_1,0
4805_8,1
3217_4,0
5074_10,1
720_4,0
6987_10,1
736_10,1
5590_1,0
3412_1,0
10149_9,1
5709_1,0
11181_10,1
6255_1,0
4495_2,0
10483_8,1
2848_3,0
8537_10,1
4011_3,0
1904_7,1
7990_4,0
2934_3,1
11404_4,1
7393_7,1
10221_3,0
1764_2,0
11730_4,0
10039_10,1
5558_4,0
11288_1,0
11567_2,0
2301_3,0
4396_3,0
9789_1,0
10835_4,0
179_8,1
5004_9,1
4099_8,0
3386_2,0
8782_9,1
2241_7,1
3572_10,1
3413_4,0
7948_7,1
10201_10,1
4944_7,1
2288_9,1
6988_1,0
534_10,1
10590_8,1
10321_2,0
5210_2,0
9622_10,1
4261_9,1
8348_2,0
9817_2,0
663_1,0
6401_1,0
10759_9,1
9659_4,0
10795_7,1
9628_8,1
1920_4,0
7400_9,1
5377_7,1
6720_2,0
1867_9,1
4921_2,0
8380_1,0
3743_1,0
6633_1,0
10228_8,0
10419_1,0
10351_8,1
6851_4,0
10189_4,0
184_2,0
64_1,0
4857_2,0
5252_9,1
3885_1,0
11028_8,1
5180_2,0
9470_1,0
12104_7,1
1968_8,1
3455_10,1
4232_1,0
4990_8,1
2344_3,0
20_1,0
3597_10,1
8876_10,1
7633_3,0
11229_1,0
3529_2,1
9634_4,0
8206_10,1
5464_7,1
4259_1,0
828_10,1
2029_3,0
277_8,1
2430_10,1
7049_7,1
1455_1,0
8135_10,1
5300_8,1
9910_10,1
3861_4,0
8868_1,0
799_2,0
8829_1,0
1890_10,1
1884_8,1
2013_8,1
1417_4,0
6740_8,1
5230_1,0
6134_1,0
6855_4,0
4144_10,1
249_3,0
6430_1,0
362_3,0
7831_1,0
7379_2,0
3475_9,1
1699_10,1
2739_9,1
5220_2,0
1418_9,1
7286_2,0
977_8,1
4330_10,1
11229_10,1
4087_2,0
5454_1,0
2916_1,0
4988_7,1
8094_2,0
4375_9,1
6599_8,1
10964_7,1
11550_4,0
6751_1,0
6291_10,1
8772_8,1
2560_7,1
3980_1,0
4065_10,1
9558_1,0
1885_10,1
3534_10,1
12441_9,1
2627_1,0
5745_3,0
32_10,1
11510_1,0
6472_2,0
5464_2,0
9369_4,0
7496_8,1
8487_1,0
9664_1,0
9325_1,0
7183_1,0
11806_10,1
12041_1,0
5292_7,1
8365_4,0
4358_10,1
12372_7,1
5965_10,1
9000_10,1
11411_8,1
3494_4,0
2564_2,0
2059_4,0
2334_9,1
7559_1,0
9041_1,0
1623_1,0
5712_8,1
10323_1,0
7330_2,0
3736_2,0
5780_10,1
4797_10,1
5838_8,1
12491_2,0
9594_10,1
10721_3,0
11494_4,1
781_9,1
4553_2,0
11750_1,0
2123_10,1
11013_1,0
7307_2,0
2286_10,1
1752_1,0
7771_9,1
3265_2,0
9712_1,0
12499_7,1
5236_10,1
32_3,0
1806_8,1
3498_10,1
8008_1,0
12198_3,0
10375_10,1
717_1,0
10568_1,0
5434_9,1
6911_1,0
2692_8,1
7163_3,0
2611_9,1
327_3,0
2666_10,1
5442_8,1
8883_2,0
4525_1,0
7638_7,1
11623_2,0
7673_7,1
7285_3,0
9383_3,0
4788_10,1
1929_10,1
450_1,0
8034_10,0
6377_9,1
806_10,1
8564_2,0
6578_3,0
10703_7,1
2900_9,1
934_4,0
3377_8,1
7681_9,0
2535_7,1
9704_10,1
5291_4,0
7898_1,0
8279_10,1
7782_7,1
7082_1,0
9506_1,0
88_2,0
12481_1,0
8023_7,1
10900_8,1
375_9,1
3853_9,1
6969_10,1
8126_7,1
4575_1,0
1220_4,0
2297_7,1
6278_2,0
4195_3,0
9299_3,0
1203_8,1
8926_10,1
8297_1,0
10976_1,0
6181_9,1
641_4,0
7141_8,1
1283_10,1
8266_4,0
10969_4,0
11723_1,0
2515_1,0
8956_1,0
12151_1,0
9753_4,0
8304_8,0
146_2,0
9835_9,0
2753_1,0
1219_1,0
7047_10,1
1467_3,0
11529_7,1
3071_9,1
614_10,1
6275_7,1
6205_8,0
7956_10,1
3938_1,0
247_3,0
7529_10,1
12029_4,0
9085_1,0
8027_1,0
8115_1,0
4131_7,1
9404_10,1
12265_1,0
10429_10,1
2799_1,0
4484_1,0
5017_8,1
4407_8,1
268_8,1
5021_1,0
6788_9,1
5505_1,0
578_10,1
6523_10,1
357_2,0
10313_4,0
7838_8,1
630_2,0
10457_8,1
5289_3,0
7413_2,0
325_9,1
10295_1,0
4079_4,0
1887_8,1
3174_9,1
2117_10,1
9809_2,0
5349_4,0
3477_3,0
9451_8,1
7046_2,0
8003_8,1
12350_4,0
8356_4,0
408_2,0
9972_10,1
8402_4,0
6127_8,1
10056_2,0
221_4,0
9789_10,1
6826_2,0
2181_1,0
8461_7,1
1244_8,1
6453_10,1
936_1,0
3949_8,1
10832_10,1
2757_1,0
2516_9,1
8670_3,0
6029_1,0
1573_1,0
10484_8,1
4775_7,1
7809_10,1
4546_2,0
6387_3,0
1125_3,0
8079_3,0
5339_2,0
12006_4,0
4443_3,0
6236_8,1
1943_4,0
2282_4,0
9992_3,0
9453_1,0
11555_2,0
11459_10,1
5301_4,0
4019_3,0
10106_8,0
1517_2,0
9260_1,0
11402_4,0
8028_1,0
1939_8,1
5040_3,0
6266_2,0
10804_10,1
11581_2,0
3802_2,0
9346_1,0
4839_2,0
3479_1,0
4905_1,0
11230_1,0
6683_1,0
2557_10,1
431_8,1
6733_3,0
2965_9,1
9775_8,1
4447_7,1
1802_2,0
5720_10,1
3939_7,1
9593_2,0
4445_7,1
6425_9,1
4110_10,1
3868_1,0
4997_2,0
12203_10,1
10078_8,1
3676_2,0
11016_1,0
10398_3,0
751_9,1
10191_10,1
815_7,1
12133_3,0
2921_2,0
11147_2,0
980_4,0
10593_4,0
4485_4,0
4061_3,0
1239_8,1
56_3,0
1373_10,1
11616_8,1
3154_2,0
5909_3,0
7706_4,0
10739_10,1
3606_2,0
10781_10,1
1571_1,0
2320_10,1
8966_10,1
4442_9,1
6953_2,0
2621_8,1
5396_3,0
5042_9,1
1816_9,1
1843_9,1
702_2,0
5153_4,0
11961_1,0
2108_4,0
5543_2,0
1552_3,0
2069_9,1
7296_1,0
7271_4,0
7878_7,1
3105_8,1
4446_10,1
4183_1,0
5784_4,0
10085_3,0
2953_8,1
5465_1,0
1487_9,1
8723_2,0
11670_7,1
8603_2,0
9188_1,0
3199_2,0
5779_3,0
4467_7,1
6199_1,0
5090_4,0
10554_7,1
6855_10,1
845_7,1
10794_1,0
686_3,1
6468_3,1
12116_9,1
11008_1,0
8316_9,1
5436_7,1
12074_10,1
11686_10,1
6934_4,0
9471_1,0
9177_1,0
4381_10,1
1255_10,1
4887_10,1
3382_10,1
10596_1,0
9984_1,0
10498_10,1
5882_9,1
275_10,1
9702_2,0
10677_3,0
10995_10,1
6598_1,0
11630_8,1
11905_3,0
4502_3,0
8654_9,1
9142_1,0
10466_8,1
413_3,0
10638_8,1
11447_1,0
1939_1,0
1254_7,1
5962_4,0
9013_3,0
1990_10,1
10160_7,1
4271_10,1
6432_1,0
12077_1,1
12237_2,0
9926_7,1
7374_1,0
9360_1,0
3327_3,0
2544_8,1
8295_4,0
10500_4,0
1628_1,0
9468_7,1
8562_4,0
5901_7,1
5333_10,1
9284_1,0
6626_1,0
8422_10,1
1553_3,0
277_4,0
9119_10,1
11975_1,0
49_10,1
1383_7,1
6092_8,0
4198_1,0
109_10,1
9440_3,0
2552_3,0
8883_8,1
3725_8,1
3352_2,0
2445_10,1
1320_1,0
12462_7,1
6753_7,1
105_7,1
10594_8,1
6597_9,1
8724_10,1
9199_3,0
5864_7,1
2948_1,0
6154_4,0
4026_9,1
320_8,1
150_8,1
6879_10,1
3519_3,0
5601_4,0
5839_7,1
2767_8,0
5359_1,0
10280_3,0
2570_10,1
883_1,0
4013_7,1
3354_2,0
9713_2,0
2792_4,0
9726_7,1
3994_8,1
7306_3,0
8421_10,1
9804_10,1
6925_9,1
6762_1,0
201_4,0
1598_2,0
3992_8,1
453_10,1
2513_4,1
12119_7,1
11077_8,1
2170_9,1
4800_7,1
7549_7,1
10535_2,0
7736_10,1
10163_8,1
624_2,0
10849_10,1
809_10,1
2619_4,1
11558_1,0
3394_4,0
6532_8,1
4986_2,0
3981_2,0
1410_9,1
6808_8,1
4655_7,1
1183_2,0
4350_10,1
10661_9,1
2862_10,1
11363_8,1
767_9,1
12024_7,0
7717_2,0
8643_1,0
7265_8,1
9894_8,1
11175_8,1
2780_4,1
12022_10,1
7235_8,1
10587_8,1
605_4,0
4228_10,1
855_1,0
1088_9,1
3551_1,0
3048_10,1
1703_4,0
6041_10,1
7138_1,0
4410_4,0
8068_1,0
10115_10,1
7942_10,1
6764_4,0
9069_7,1
1999_9,1
2126_10,1
10660_10,1
4219_4,0
5306_7,1
10964_1,0
11413_10,1
8580_9,1
7905_1,0
9953_1,0
5767_8,1
9261_3,0
9535_10,1
7765_4,0
902_9,1
3181_10,1
5222_8,1
5809_4,0
4277_10,1
6830_10,1
8086_2,0
8990_10,1
11790_8,1
3872_4,0
11959_2,0
10156_1,0
1047_2,0
5492_10,1
5917_4,0
4098_2,0
574_4,0
3726_7,1
688_4,0
1802_9,1
4675_9,1
6178_7,1
98_10,1
355_4,1
12457_4,0
6283_7,1
4028_10,1
12246_1,0
4173_10,1
4881_1,0
4932_8,1
1813_1,0
8657_1,0
8563_2,0
9136_8,1
10213_1,0
6303_1,0
5400_4,0
6595_9,1
1477_7,1
12450_1,0
25_1,0
10661_3,1
1456_1,0
8886_10,1
4605_2,0
9770_1,0
3753_9,1
1975_1,0
6354_10,1
8499_9,1
4474_10,1
3065_10,1
5176_1,0
1590_10,1
12447_4,0
3196_10,1
11942_8,1
1263_3,1
764_2,0
9090_9,1
582_9,1
1293_8,1
11735_10,1
12287_10,1
10861_7,1
10030_10,1
306_10,1
7407_10,1
9968_4,0
7461_2,0
8636_7,1
1401_7,1
8644_7,1
1335_4,0
1656_4,0
8923_3,0
9747_10,1
2448_4,0
2066_7,1
9520_10,1
11515_1,0
10891_1,0
11901_9,1
10763_3,0
586_1,0
11924_4,0
1581_7,1
7791_10,1
11301_3,0
11717_4,1
1861_3,0
8969_1,0
5702_10,1
1394_4,0
11874_10,1
12315_2,0
2981_1,0
8418_7,1
2196_4,0
4320_1,0
9592_8,1
7474_9,1
1129_1,0
7103_7,1
5582_3,0
8263_4,0
133_2,0
4131_1,0
4062_1,0
795_8,1
9255_10,1
3055_9,1
11102_4,0
8237_1,0
7073_3,0
11225_3,0
1025_8,1
8731_7,1
3338_1,0
6484_10,1
9710_2,0
5049_3,0
2549_1,0
3640_8,1
9503_7,1
3925_10,1
1091_2,0
1933_8,1
10033_1,0
187_8,1
12443_1,0
8415_7,1
9545_7,1
5296_10,1
11694_4,0
4094_2,0
7933_10,1
5761_4,0
10537_1,0
6439_1,0
4571_1,0
9533_3,0
4329_7,1
11428_7,1
5596_3,0
11796_3,0
6364_8,1
10336_4,0
3764_8,1
9253_10,1
9657_3,0
5557_4,0
8332_9,1
8011_1,0
4280_10,1
8231_10,1
6235_8,1
10502_9,1
12102_4,0
3456_9,1
3680_9,1
2076_1,0
1564_10,1
11539_9,1
6850_3,0
9093_4,0
4689_10,1
6251_1,0
6550_10,1
3251_7,1
5541_2,0
7406_9,1
11342_9,1
6968_3,0
12145_10,1
3000_8,1
1140_10,1
8344_4,0
1589_10,1
2343_10,1
3340_1,0
1690_1,0
576_3,0
2558_1,0
8417_3,0
12360_10,1
5238_7,1
2785_3,0
536_4,1
4700_1,0
3432_4,0
8051_7,1
3762_3,0
5752_8,1
8669_7,1
776_7,1
1543_1,0
6891_3,0
6301_10,1
8435_10,1
11765_8,1
707_8,1
3214_3,0
11292_10,1
3135_9,1
12268_1,0
9507_3,0
8729_2,0
11637_8,1
11206_1,0
7162_1,0
10287_4,0
9571_9,1
10138_8,1
5777_4,0
3747_10,1
5895_4,0
3357_1,0
4006_8,1
8142_2,0
260_7,0
7599_3,0
1855_9,1
10475_8,1
5804_1,0
12361_4,0
3491_8,1
5186_10,1
3617_8,1
2583_10,0
2172_7,1
1496_2,0
4488_10,1
9864_8,1
3122_4,0
8763_2,0
9423_8,1
8186_2,0
11856_1,0
12176_2,0
6984_8,1
7643_7,1
1957_7,1
9096_1,0
4114_9,1
3821_4,0
9340_4,0
7023_1,0
7297_2,0
9572_1,0
3956_10,1
955_4,0
10676_9,1
3153_2,0
5262_7,0
11207_10,1
6204_7,1
5533_1,0
9353_8,1
7502_7,1
7228_9,1
2062_1,0
11055_1,0
6735_4,0
4159_9,1
12337_7,1
10051_10,1
2178_3,0
4842_10,1
4307_1,0
11294_1,0
12078_1,0
10479_2,0
10606_10,1
262_8,1
7348_3,0
7760_10,1
5558_7,1
10918_1,0
12020_1,0
7281_2,0
10451_1,0
100_7,1
968_1,0
2502_1,0
5697_3,0
6675_1,0
978_9,1
3378_2,0
2549_8,1
5902_4,0
1413_2,0
4770_10,1
1653_1,0
4920_7,1
2992_4,1
626_2,0
7593_7,1
3311_4,0
2382_7,1
10817_10,1
11199_1,0
8659_7,1
4883_10,1
527_9,1
10977_1,0
10642_2,0
4771_2,0
1274_7,1
5196_9,1
1046_10,1
2374_1,0
4430_8,1
8033_7,1
7825_9,1
1684_10,1
3857_9,1
3902_4,0
1957_2,0
1406_8,1
1489_1,0
10005_3,0
3183_9,1
9845_8,1
9609_3,0
6823_1,0
7659_10,1
4889_3,0
1086_7,1
12338_1,0
11549_2,0
11454_4,0
9582_10,1
1264_3,0
1912_9,1
10901_1,0
8478_1,0
9638_1,0
1930_10,1
9082_1,0
6605_7,1
3993_7,1
2144_8,1
9629_1,0
4980_2,0
8133_7,1
7412_9,1
7128_1,0
3952_1,0
11267_1,0
9237_7,1
10141_9,1
793_9,1
1018_8,1
8685_9,1
5201_1,0
68_2,0
9705_1,0
11535_7,1
10896_1,0
7025_1,0
11801_3,0
9902_3,0
117_3,0
1529_10,1
508_9,1
5609_10,1
8484_4,0
3857_3,0
9828_10,1
7170_9,1
4617_3,0
6328_4,0
7315_1,0
1509_2,0
583_3,0
9363_10,1
6389_2,0
9422_9,1
12093_3,0
6653_8,1
10100_1,0
3188_8,1
7954_7,1
4517_3,0
8909_9,1
273_1,1
2728_10,1
8819_10,1
849_1,0
5327_10,1
3979_10,1
8841_4,0
344_2,0
8206_2,0
12136_1,0
8411_1,0
5904_3,0
5380_7,1
5095_3,0
6196_3,0
5469_4,0
6993_1,0
6292_3,0
398_3,0
12006_10,1
7470_1,0
4593_1,0
3883_10,1
1627_1,0
128_4,0
11048_4,0
2663_10,1
8864_1,0
2572_1,0
2413_10,1
2571_4,0
1674_8,1
5305_7,1
5121_10,1
7048_2,0
660_9,1
3419_1,0
7090_1,0
3338_7,1
3765_1,0
9275_1,0
6837_3,0
1182_3,0
6642_10,0
6226_10,1
1474_4,1
907_1,0
2829_10,1
5776_10,1
1621_10,1
4496_4,0
7979_1,0
7576_2,0
10518_1,0
9116_9,1
1432_3,0
9397_3,0
11977_2,0
10426_1,0
11355_2,0
697_8,1
7821_8,1
11463_1,0
3363_1,0
9128_9,1
7062_7,1
8936_8,1
10652_9,1
4440_1,0
5816_10,1
11584_4,0
10589_1,0
9067_3,0
2214_10,1
8557_2,0
3877_4,0
9040_3,0
4937_7,1
384_8,1
2893_2,0
11217_3,0
705_2,0
153_1,0
8250_8,1
3987_7,0
2564_10,1
11233_2,0
4397_7,1
7683_4,0
7070_2,0
4147_1,0
10414_10,1
3864_7,1
1354_1,0
11392_1,0
6973_3,0
5954_7,1
1958_10,1
8616_1,0
10646_4,0
3524_1,0
3472_10,1
8487_10,1
6397_2,0
7372_9,1
6086_8,0
6083_8,1
2736_4,0
1613_2,0
922_1,0
6106_9,1
8439_10,1
9326_10,1
5703_7,1
594_4,0
1169_4,0
12094_7,1
9779_9,1
12107_10,1
11164_1,0
3917_4,0
9645_4,0
5462_3,0
5777_8,1
8248_1,0
8311_9,1
636_4,1
11254_8,1
3589_8,1
2320_1,0
11923_10,1
7571_8,1
4067_1,0
2499_10,1
374_2,0
6021_1,0
6423_7,1
11166_7,1
4562_1,0
5283_7,0
3343_4,0
10175_10,1
72_7,1
11741_3,0
474_7,1
2403_10,1
9168_4,0
1771_2,0
9077_1,0
10874_3,0
8277_3,0
1935_4,0
1066_2,0
9060_8,1
4803_3,0
8303_10,1
4594_1,0
8336_10,1
8370_1,0
9481_9,1
635_1,0
8839_3,0
10882_8,1
1476_4,0
8608_9,1
10002_7,1
2095_9,1
2609_1,0
3099_1,0
1544_2,0
8844_10,1
9623_7,1
6451_8,1
5619_3,0
4927_3,0
8076_7,1
1741_4,0
10931_7,1
2496_8,1
10682_10,1
2713_2,0
393_2,0
10239_10,1
5092_8,1
6513_4,0
7186_7,1
8396_4,0
10148_3,0
6361_1,0
4239_4,0
4141_4,0
3786_1,0
592_3,0
9364_3,0
4560_10,1
5505_10,1
11521_1,0
10293_4,0
7891_2,0
1252_8,1
1168_8,1
10358_1,0
2231_1,0
10674_8,1
7418_1,0
3546_10,1
7913_10,1
8156_4,0
7100_8,1
3066_2,0
2878_8,1
8763_9,1
10217_1,0
4561_3,0
8870_8,1
450_10,1
4628_2,0
1313_9,1
1652_10,1
864_2,0
1888_8,1
7543_8,1
2394_7,1
7694_3,0
4275_10,1
7337_1,0
7421_7,1
1087_10,1
1624_1,0
4089_8,1
1979_9,1
7439_4,0
2260_1,0
9588_10,1
8137_10,1
6753_4,0
9779_3,0
9318_1,0
4875_7,1
11988_8,1
4181_4,0
6218_3,0
12208_2,0
709_2,0
10197_7,1
9271_8,1
212_4,0
7361_3,0
6159_7,0
4455_8,1
11169_7,1
1745_7,1
5592_10,1
4222_7,1
491_7,1
5169_2,0
7975_8,1
9888_10,1
11965_8,1
9916_2,0
10543_8,1
5720_3,0
6216_2,0
12383_7,1
7859_7,1
2248_1,0
10260_1,0
6634_10,1
6260_10,1
9027_7,1
10904_10,1
3421_10,1
4190_2,0
4041_1,0
3594_1,0
8094_9,1
4524_9,1
10053_8,1
11070_9,1
11511_1,0
10342_7,1
7593_2,0
11158_1,0
9908_3,0
2028_10,1
7585_3,0
1166_8,1
9460_8,1
4867_3,0
12396_7,1
10144_8,1
2973_9,1
9858_7,0
6611_7,1
11393_4,0
5880_1,0
4145_1,0
11305_1,0
9374_9,1
5858_8,1
9825_1,0
7624_7,1
4675_4,0
1554_8,1
7301_3,0
12212_10,1
5430_10,1
10746_4,0
5199_7,1
5370_4,1
3944_8,1
10368_1,0
5308_2,0
12235_2,0
6049_8,1
718_2,0
5309_7,1
7523_7,1
8057_1,0
2795_1,0
12065_3,0
8736_10,1
7551_4,0
2751_1,0
3327_10,1
517_4,0
5721_4,0
3891_10,1
12363_1,0
11665_8,1
6625_7,1
7947_10,1
5291_8,1
2463_4,1
4494_8,1
9254_4,0
1637_4,0
4732_10,1
1622_8,1
1095_3,0
11036_1,0
5480_4,0
11168_8,1
6845_10,1
5051_1,0
6824_4,0
9428_2,0
5934_2,0
3315_1,0
1700_4,0
3884_8,1
1797_4,0
4129_10,1
11403_3,0
7698_10,1
5980_10,0
5276_3,0
7314_1,0
9823_2,0
10515_1,0
6420_4,0
2391_2,0
11329_1,0
7434_7,1
7456_10,1
10265_9,1
7720_4,0
2667_1,0
54_1,0
9827_10,1
4034_9,1
12017_7,1
2167_2,0
9136_1,0
5172_4,0
8667_3,0
1875_2,0
6845_1,0
4373_1,0
10333_1,0
8050_1,0
5598_4,0
5999_3,0
315_1,0
8220_1,0
4105_1,0
5618_4,0
85_10,1
6463_2,0
5636_1,0
3801_1,0
822_1,0
3119_8,1
3158_8,1
8117_2,0
7558_1,0
8783_1,0
7973_1,0
10087_4,1
2788_4,0
11847_1,0
8918_10,1
1572_1,0
2230_1,0
2505_2,0
6877_7,1
12468_1,0
7462_10,1
5158_3,0
11966_10,1
8629_9,1
9246_3,0
294_4,0
8108_10,1
6169_1,0
11855_1,0
11598_8,1
2388_10,1
7392_1,0
4506_1,0
172_10,1
6124_1,0
3054_1,0
2356_4,0
2801_2,0
80_3,0
2179_8,1
611_10,1
8481_8,1
12420_3,0
4064_10,1
5821_7,1
5375_8,1
1604_4,0
7689_4,0
5455_7,1
108_1,0
12141_8,1
5991_8,1
10780_4,0
1942_2,0
484_8,1
10534_1,0
11457_10,1
1812_10,1
7142_1,0
4740_8,1
5362_1,0
10645_4,0
9223_3,0
9443_9,1
9218_10,1
855_9,1
12167_1,0
11190_10,1
2998_7,1
12079_7,1
3530_2,0
3489_10,1
4429_1,0
2578_10,1
9856_4,0
1312_9,1
7486_4,0
6565_8,1
3170_3,0
10530_10,1
5664_8,1
4197_2,0
6225_1,0
6454_9,1
2494_10,1
5178_10,1
497_2,0
385_3,0
8602_10,1
11702_4,0
3194_9,1
7035_8,1
10734_4,0
8456_2,0
8020_8,1
8996_1,0
5449_8,1
9881_1,0
6306_2,0
3834_9,1
3134_8,1
5195_7,1
11270_10,1
7712_10,1
7227_2,0
11811_2,0
8940_9,1
6087_3,0
6941_1,0
4243_2,0
5968_4,0
12182_1,0
5868_8,1
9584_10,1
11688_10,1
7230_8,1
861_7,1
4974_10,1
8813_1,0
636_10,1
11635_1,0
5730_10,1
364_10,1
3839_1,0
6533_7,1
8083_3,0
1157_10,1
12375_7,1
4483_2,0
11739_8,1
1508_1,0
10070_3,0
6249_2,0
1870_10,1
4012_4,0
3278_8,1
619_1,0
5314_10,1
2318_10,1
3243_8,0
11463_9,1
10776_4,0
4593_10,1
10338_2,0
8900_10,1
11577_1,0
491_1,0
11628_10,1
11392_8,1
9179_10,1
8479_9,1
10399_10,1
9807_2,0
5952_4,0
523_1,0
8276_10,1
8473_3,0
8398_8,1
10241_1,0
8250_1,0
4099_4,0
4087_10,1
5616_8,1
11788_8,1
5716_8,1
7564_10,1
12480_3,0
137_7,1
7552_1,0
4659_1,0
9709_1,0
11440_1,0
5961_10,1
2306_10,1
3198_10,1
12055_10,1
4178_10,1
8454_8,1
11058_1,0
8573_3,0
11563_3,0
10218_8,0
890_9,1
3768_3,0
3794_1,0
8064_2,0
8948_7,1
4378_4,0
5476_8,1
3310_4,0
5874_1,0
4285_2,0
10014_8,1
11602_8,1
6037_1,0
3146_4,0
8789_10,1
8873_8,1
2927_10,1
2748_8,1
2889_1,0
8018_10,1
1063_3,0
8387_8,1
1352_1,0
7664_10,1
6431_8,0
4512_1,1
9797_1,0
1352_10,1
8448_3,0
752_7,1
1256_8,1
6774_1,0
7017_4,1
11149_10,1
6049_4,0
9892_8,1
1428_1,0
4790_10,1
7305_2,0
11618_8,1
10828_10,1
1409_8,1
1955_9,1
10797_2,0
8242_8,1
2102_10,1
1519_10,0
12336_9,1
2752_7,1
7634_7,1
2066_2,0
7196_8,1
6925_3,0
7841_10,1
6295_1,0
2228_7,1
5905_1,0
2958_10,1
10947_1,0
10482_10,1
7321_10,1
3479_9,1
276_10,1
8957_7,1
11101_10,1
3072_4,0
5994_3,0
6623_1,0
11245_10,1
12085_3,0
9608_10,1
10607_10,1
11409_1,0
9769_8,1
5277_1,0
6171_8,1
4669_4,0
6197_1,0
3231_10,1
4742_1,0
2727_3,0
11902_9,1
3562_4,0
3307_8,1
4487_9,1
2978_1,0
6489_1,0
4426_7,1
11015_9,1
11189_1,0
3103_2,1
11430_3,0
11_9,1
11183_2,0
310_1,0
552_8,1
4386_3,0
6750_8,1
6797_1,0
2140_2,0
3894_3,0
10443_9,1
10346_4,0
6314_9,1
181_2,0
4439_8,1
11_3,0
8954_4,0
7278_7,1
1584_9,1
5246_3,0
1457_10,1
3143_10,1
4808_3,0
5774_8,1
3464_10,1
3588_1,0
535_1,0
6203_7,1
5388_8,1
1515_7,1
12270_10,1
10279_8,1
10690_2,0
8368_1,0
6096_10,1
7984_10,1
4468_7,1
3495_1,0
2062_10,1
156_8,1
6460_2,0
326_10,1
11139_1,0
6090_2,0
8053_3,0
841_1,0
2924_4,1
1307_10,1
7547_1,0
4253_2,0
10328_4,0
8207_3,0
5515_3,0
9308_7,1
4727_7,1
5128_4,0
4085_2,0
2662_3,0
10774_2,0
5529_3,0
12202_3,0
4832_8,1
2081_4,0
596_4,0
1723_1,0
1661_1,0
1902_10,1
9873_1,0
837_1,0
4093_4,0
11523_2,0
3429_10,1
4424_4,0
5792_10,1
3371_8,1
2984_8,1
7611_4,0
2869_1,0
3983_3,0
4287_1,0
11415_1,0
3820_2,0
6078_1,0
3531_1,0
4124_1,0
3396_7,1
10706_7,1
9558_10,1
1809_1,0
10277_9,1
5846_10,1
6652_10,1
7799_1,0
5534_7,1
11107_1,0
516_2,0
8243_1,0
12319_1,0
4888_8,1
10431_1,0
4511_1,0
10833_3,0
2427_10,1
2497_1,0
1692_1,0
1697_10,1
896_10,1
1460_1,0
10492_10,1
8676_3,0
2874_10,1
10532_8,1
11754_4,0
5721_10,1
1346_1,0
9522_1,0
10728_10,1
2331_1,0
1518_8,1
2112_3,0
12089_4,0
3715_2,0
9969_1,0
48_4,1
1824_1,0
4419_7,1
3872_9,1
11852_1,0
11359_2,0
8761_3,0
4633_3,0
6765_9,1
449_4,0
4233_7,1
2163_10,0
3029_1,0
241_8,1
7932_4,0
2139_4,0
7008_8,1
3127_9,1
1644_10,1
9072_9,1
3864_4,0
8853_3,0
8847_9,1
135_7,1
5732_1,0
3342_3,0
7987_8,1
9023_4,0
1477_4,1
2392_1,0
12321_10,1
10588_1,0
5545_2,0
587_2,0
4139_1,0
7487_8,1
11377_3,0
1605_4,0
1848_3,0
9396_3,0
8041_7,1
7815_8,1
6286_8,1
6349_4,0
2964_8,1
404_2,0
2544_1,0
9810_2,0
7054_9,1
6861_1,0
2060_3,0
4054_3,0
9343_8,1
11450_10,1
7580_7,0
867_8,1
9879_3,0
9712_10,1
6007_4,0
11068_4,0
6437_9,1
576_10,1
10304_7,1
502_10,1
4588_1,0
9819_1,0
10101_1,0
5781_2,0
2440_1,0
2142_4,0
11733_10,1
1091_10,1
6098_10,1
6971_1,0
6234_8,1
1900_4,0
8652_8,1
10174_7,1
2853_4,0
6704_1,0
2385_9,1
9169_8,1
7171_1,0
9021_2,0
9914_7,1
5986_2,0
9561_2,0
6960_1,0
5315_9,1
7960_10,1
11570_1,0
11780_3,0
3288_10,1
2820_7,1
2184_1,0
3664_10,1
7935_4,0
9510_1,0
11084_4,0
11435_10,1
3753_1,0
1387_4,0
862_7,1
7460_1,0
6258_4,0
6065_2,0
12229_3,0
2912_1,0
10361_1,0
5889_7,1
6116_8,1
7059_10,1
4403_10,1
9869_10,1
7037_10,1
6000_9,1
9873_7,1
9168_7,1
1366_3,0
9860_1,0
6079_9,1
10522_7,1
3863_1,0
5161_8,1
1827_1,0
11155_10,1
4077_10,1
12300_10,1
8977_7,1
10377_1,0
4268_10,1
480_3,0
6110_1,0
6501_1,0
6409_7,1
7740_10,1
1436_3,0
11801_8,1
6372_2,0
3201_10,1
7154_10,1
11297_7,1
60_8,1
9796_9,1
9055_2,0
3382_1,0
11938_7,1
7164_10,1
2817_9,1
10669_2,0
6320_10,1
6657_9,1
12388_4,0
3398_3,0
335_10,1
7596_3,0
5082_7,1
2435_8,1
10836_2,0
4757_8,1
1853_1,0
3351_8,1
212_9,1
4645_9,1
4492_1,0
1097_3,0
6729_4,0
10839_10,1
8779_8,1
10118_4,0
7219_7,1
9688_4,0
12098_4,0
8716_1,0
2508_4,1
6907_2,0
1966_1,0
2434_8,1
10311_9,1
10785_10,1
4079_9,1
9125_10,1
7278_3,0
7581_8,1
7291_2,1
5484_4,0
3812_1,0
2620_10,1
3353_4,0
3078_1,0
7618_10,1
8309_7,1
9294_4,0
8121_8,1
8156_10,1
8943_7,1
7400_1,0
2300_1,0
6092_1,0
7247_10,1
1076_8,1
5848_7,1
1987_10,1
2008_7,1
27_10,1
11239_1,0
5035_7,1
1097_9,1
6376_4,0
2137_8,1
12232_1,0
11610_1,0
6564_1,0
10751_1,0
8734_9,1
8215_2,0
6378_4,0
2289_9,1
11041_7,1
6371_4,0
2398_9,1
7361_10,0
3209_8,1
11848_10,1
9691_2,0
9810_7,1
10470_1,0
789_2,0
4242_9,1
5250_4,0
3447_9,1
1148_4,0
11184_7,1
609_1,0
3927_4,0
3789_8,1
1602_9,1
7422_10,1
6793_10,1
5213_3,0
2694_3,0
8374_7,1
12234_8,0
11240_4,0
10950_1,0
5443_1,0
6687_4,0
1434_3,0
11123_2,0
250_7,1
11414_9,1
12310_2,0
8129_3,0
10683_1,0
2818_4,0
6836_3,0
12169_7,1
7507_2,0
4545_10,1
1153_2,0
4982_7,1
7736_2,0
1626_10,1
11955_7,1
9716_1,0
2840_9,1
4861_8,1
12015_10,1
10146_1,0
4136_10,1
6490_10,1
4915_7,1
7833_8,1
3215_2,0
8942_1,0
12312_4,0
2000_3,0
10340_1,0
69_10,1
4121_10,1
41_1,0
3192_1,0
6214_4,0
459_1,0
11184_1,0
11409_9,1
4385_9,1
4698_1,0
7442_7,1
12123_1,0
11207_4,0
8280_1,0
7560_1,0
8292_4,0
2157_10,1
7798_10,1
4711_1,0
1138_2,0
6543_9,1
12316_4,0
6931_8,1
5410_7,1
10812_1,0
2745_4,0
63_1,0
8093_3,0
6754_1,0
4917_8,1
1315_4,0
6814_7,1
2091_9,1
3719_9,1
5500_1,0
9386_8,1
9605_10,1
11051_1,0
9445_1,0
2722_2,0
4993_10,1
4829_2,0
9706_1,0
3712_7,1
1799_7,1
10690_10,1
6148_10,1
2526_9,1
2335_1,0
9089_9,1
5486_10,0
12112_10,1
735_8,1
3620_10,1
5457_8,1
1304_3,0
166_1,0
2191_3,0
4248_10,1
1592_9,1
7720_8,1
9781_1,0
9833_2,0
2007_2,0
6746_1,0
543_10,1
6862_1,0
1125_8,1
1591_10,1
773_7,0
2810_4,0
7060_1,0
4966_2,0
5004_3,0
1_1,0
9099_1,0
9000_2,0
9004_1,0
1292_4,0
1954_3,0
4464_10,1
83_10,1
2376_7,1
8174_4,0
10190_7,1
1035_7,1
3851_10,1
5969_3,0
6344_2,0
10389_10,1
3541_7,1
11616_4,0
9650_10,1
4511_9,1
5914_1,0
10195_1,0
7612_3,1
2055_1,0
9981_1,0
5238_2,0
3723_8,1
9381_2,0
3789_3,0
8081_9,1
3389_7,1
4592_9,1
12273_10,1
38_10,1
9911_3,0
11984_2,0
8247_9,1
12498_10,1
9502_8,1
6241_3,0
1991_10,1
9905_10,1
9771_3,1
316_1,0
12197_2,0
1043_10,1
4175_3,0
4906_9,1
8098_3,0
8899_3,0
10400_10,1
7160_8,1
568_1,0
4542_9,1
7128_7,1
10419_10,1
2956_8,1
943_10,1
3148_9,1
2897_10,1
11321_8,1
4194_3,0
11505_7,1
2362_9,1
12211_10,1
2703_2,0
9576_1,0
10032_4,0
5602_10,1
921_7,1
6404_2,0
5756_3,0
2414_10,1
6114_1,0
5257_3,0
3522_2,0
3574_1,0
11739_4,0
63_10,1
7163_10,1
8826_2,0
2875_1,0
4058_10,1
11599_8,1
2198_1,1
11384_7,1
9730_1,0
1447_8,1
9949_2,0
109_2,0
11006_7,1
6458_1,0
11351_9,1
3643_10,1
4961_2,0
10421_2,0
4703_1,0
11943_7,1
4073_10,1
257_2,0
4897_8,1
6649_8,1
4705_7,1
4708_1,0
11104_1,0
11696_7,1
8887_9,0
10181_8,1
1453_2,0
10826_1,0
8491_7,1
228_7,1
1790_9,1
11522_2,0
6828_10,1
11518_1,0
1254_4,0
11817_10,1
4244_10,1
2264_1,0
9518_3,0
3295_10,1
9654_1,0
656_3,0
10818_10,1
11660_7,1
1258_9,1
8899_8,1
10931_1,0
17_3,0
8067_1,0
6516_1,0
12241_4,0
6464_3,0
3744_10,1
242_8,1
6034_1,0
780_2,0
4075_10,1
10679_3,0
10864_1,0
3824_1,0
10187_3,0
2341_4,0
3936_2,0
7448_2,0
861_2,0
9782_10,1
7939_2,0
7665_7,1
1197_10,1
9465_1,0
2398_2,0
1701_10,1
4781_8,1
5149_8,1
2179_1,0
6223_1,0
1562_10,1
5400_10,1
8397_10,1
5699_8,1
8824_1,0
33_3,0
57_10,1
11802_1,0
2277_10,1
432_4,0
12291_2,0
4108_7,1
7597_9,1
1792_10,1
11605_1,0
12102_8,1
7873_8,1
148_2,0
2407_10,1
7112_9,1
10132_9,1
2961_10,1
4240_9,1
9676_10,1
8180_8,1
1869_9,1
4282_1,0
8406_10,1
8762_1,0
7868_8,1
5039_10,1
4933_3,0
5221_7,1
5155_1,0
6337_1,0
2598_1,0
1475_4,0
1473_9,1
10312_10,1
11817_4,0
12298_8,1
8806_9,1
6975_3,0
4977_7,1
8929_8,1
8103_10,1
12307_3,0
12279_9,1
9302_10,1
7904_8,1
7835_9,1
1216_3,0
6271_9,1
2218_7,1
8443_4,0
317_10,1
7500_8,1
507_10,1
10339_2,0
6061_10,1
9148_7,1
11361_4,0
11237_8,1
8311_1,0
11611_3,0
6798_1,0
4316_10,1
3128_3,0
1498_8,1
2797_10,1
11957_8,1
7705_2,0
2349_9,1
8941_10,1
9187_1,0
7573_2,0
9349_2,0
6696_7,1
4344_9,1
810_1,0
11534_4,0
2183_8,1
10953_1,0
7282_9,1
8844_4,0
11762_8,1
6999_7,1
1178_2,0
2512_10,1
5856_8,1
8808_9,1
7300_3,0
11034_9,1
11365_9,1
591_4,0
10821_8,1
1528_8,1
6479_1,0
9176_1,0
9200_8,1
4301_10,1
12372_3,0
8488_4,0
4279_2,0
1051_4,0
2429_1,0
1006_1,0
11617_2,0
79_10,1
10403_7,1
1654_1,0
5159_2,0
10445_1,0
4477_4,0
3608_9,1
4182_10,1
9180_9,1
1874_1,0
10263_10,1
7454_3,1
1173_8,1
2537_4,0
11243_10,1
8444_10,1
7945_1,0
9535_2,0
5372_7,1
4726_7,1
10308_8,1
5723_7,1
1601_1,0
2695_10,1
8496_7,1
7886_10,1
3505_8,1
3418_1,0
7754_9,1
672_9,1
1273_7,1
5444_8,1
3925_1,0
10887_2,0
4238_1,0
1448_8,1
10726_7,1
6959_2,0
2491_1,0
10317_1,0
5327_1,0
11673_8,1
4164_3,1
949_1,0
10622_3,0
9734_4,0
10940_1,0
1736_3,0
9210_10,1
11085_4,0
8846_9,1
4871_8,1
8132_10,1
11037_8,1
5016_10,1
6128_7,0
11477_4,0
1312_3,0
8145_10,1
2404_8,1
8353_10,1
1931_8,1
9777_8,1
6655_3,0
8634_3,0
354_3,0
12184_10,1
6164_3,0
5712_1,0
2771_7,1
2716_10,1
4345_1,0
3897_4,0
8568_7,1
9715_4,0
4358_1,0
8587_3,0
768_9,1
10015_2,0
5587_7,1
297_4,0
9745_2,0
5896_3,0
1959_7,1
11564_9,1
7857_10,1
9086_3,0
7678_3,0
2601_3,0
3162_1,0
3883_1,0
5801_1,0
6873_10,1
5929_2,0
6059_10,1
219_8,1
932_10,1
5159_10,1
11213_7,1
6738_1,0
2436_1,0
2482_1,0
2402_3,0
5891_3,0
2518_4,0
8140_10,1
444_4,0
11987_7,1
3255_10,1
1011_10,1
1819_2,0
10469_10,1
653_10,1
52_10,1
1389_2,0
12066_2,0
6792_3,0
7954_2,0
7639_8,1
2931_10,1
1363_1,0
1270_7,1
8209_4,0
7040_10,1
4656_8,1
7545_8,1
11868_10,1
9771_10,1
8085_2,0
10203_10,1
11768_7,1
3697_4,0
11931_2,0
5851_10,1
6609_8,1
3008_7,1
2870_1,0
397_9,1
9670_4,0
4751_2,0
10249_7,1
6443_1,0
5672_1,0
7922_1,0
3556_1,0
1400_7,1
464_10,1
719_10,1
12367_9,1
3007_7,1
9826_10,0
6767_8,1
11283_8,1
10206_3,0
6776_3,0
569_10,1
9884_10,1
9404_1,0
97_9,1
9215_1,0
8606_10,1
2799_10,1
11741_10,1
5663_10,1
10719_2,0
10289_10,1
3543_1,0
2842_8,1
9807_10,1
10775_3,0
2134_1,0
11372_7,1
4956_10,1
2842_4,0
9864_1,0
2350_9,1
2410_1,0
4793_4,0
11963_3,0
82_8,1
7444_10,1
917_1,0
10315_2,0
5907_10,1
5604_3,0
4826_4,0
8641_7,1
3132_4,0
7202_1,0
2942_1,0
6191_4,0
11993_9,1
4449_4,0
10104_10,1
5648_10,1
9373_9,1
386_7,1
2224_10,1
7703_3,0
10712_8,1
8528_3,0
11673_3,0
11449_10,1
5960_4,0
10766_7,1
9601_4,0
1194_7,1
9614_10,1
2432_7,1
6994_8,1
4107_10,1
7489_1,0
9509_9,1
9272_2,0
6222_1,0
278_9,1
253_3,0
813_10,1
8464_10,1
4652_1,0
10427_4,0
4341_8,1
11991_10,1
6868_3,0
1384_7,1
9745_7,1
10851_9,1
3365_9,1
6440_8,1
2130_3,0
4642_10,1
5536_9,1
6755_4,0
7707_4,0
6901_10,1
12364_7,1
3281_2,0
1727_10,1
11406_9,1
9252_10,1
8239_1,0
4495_9,1
8189_4,0
12019_4,0
171_8,1
12216_8,1
1108_7,1
12444_10,1
11210_7,1
6887_8,1
8640_10,1
10827_1,0
11569_3,0
2711_1,0
11078_10,1
9434_10,1
7313_10,1
7238_2,0
9432_9,1
3087_10,1
6643_4,0
2495_9,1
2531_4,0
8416_7,1
10267_8,1
779_4,0
4549_7,1
8635_7,1
3639_1,0
4335_4,0
1497_2,0
1658_10,1
1129_10,1
9982_9,1
678_1,0
5248_8,1
2585_7,1
10697_8,1
1216_10,1
3866_2,0
8071_3,0
6194_8,1
4552_4,0
7073_10,1
5877_8,1
3987_1,0
4701_1,0
4229_2,0
3785_10,1
12442_2,0
2299_1,0
10369_8,1
10913_3,0
8166_10,1
3968_1,0
7579_4,0
1988_1,0
458_10,1
661_9,1
10687_10,1
372_10,1
6085_8,1
1972_1,0
7302_3,0
5751_1,0
5332_3,0
5632_1,0
8941_3,0
7065_2,0
4787_3,0
7426_10,1
7723_10,1
9508_8,1
5861_8,0
5764_7,0
12412_9,1
838_9,1
8729_10,1
11815_3,0
10906_10,1
2632_3,0
12035_8,1
12114_4,1
9415_8,1
5146_4,0
5564_10,1
9246_8,1
2193_10,1
232_10,1
6954_8,1
6298_2,0
5976_7,1
9678_1,0
1913_10,1
1535_1,0
2844_4,0
8490_7,1
5334_4,0
10671_1,0
8930_9,1
9547_2,0
4004_9,1
5103_8,1
7356_1,0
6793_4,0
7089_1,0
10334_3,0
128_7,1
9524_9,1
9811_7,1
7440_7,1
11273_9,1
950_1,0
9059_7,1
3178_8,1
10761_10,1
10575_9,1
4321_1,0
11918_10,1
8482_7,1
6142_1,0
3364_1,0
4376_9,1
12072_2,0
6982_9,1
1427_2,0
7842_1,0
5087_7,0
9697_8,1
1505_3,0
6857_4,0
7914_2,0
4752_1,0
8668_4,0
1031_10,1
8759_8,1
10361_7,1
3703_3,0
11502_10,1
7981_4,0
8937_9,1
12341_7,1
2094_10,1
4599_10,1
5386_2,0
3966_9,1
9009_1,0
7302_10,1
7807_1,0
5893_9,1
2908_8,1
12490_8,1
6192_9,1
10199_4,0
3314_10,1
6005_8,0
2009_10,1
9610_4,0
12328_10,1
11633_1,0
4984_8,1
2778_8,1
11619_9,1
5895_10,1
10815_10,0
11564_4,0
11284_8,1
4455_3,0
1783_2,0
8000_10,1
3493_1,0
4380_8,1
8477_3,0
11403_9,1
11367_10,1
52_1,0
7504_4,0
4605_8,1
11045_1,0
10987_8,1
3496_8,1
3856_3,0
5799_10,1
8301_7,1
1286_2,0
8042_7,1
11094_1,0
4357_3,0
12367_2,0
3512_7,1
6409_1,0
12099_9,1
4185_3,0
7263_4,0
3714_1,0
4290_9,1
5610_3,0
5910_8,1
6551_9,1
1196_8,1
2056_9,1
6312_2,0
8525_2,1
7276_2,0
7546_7,0
6177_1,0
6136_10,1
6262_1,0
7882_7,1
8116_1,0
4953_1,0
5407_1,0
6396_9,1
12301_4,0
3185_3,0
7660_1,0
10676_3,0
6042_1,0
9831_8,0
8690_3,0
575_3,0
6167_7,1
1706_9,1
3619_3,0
5900_10,1
6050_10,1
8360_9,1
7927_1,0
5799_1,0
1053_8,1
12473_1,0
7751_7,1
9828_3,0
9942_1,0
6289_1,0
5744_2,0
3865_2,0
12072_10,1
5236_2,0
11203_1,0
4665_10,1
1405_7,0
10872_7,1
6198_7,1
5780_4,0
2310_1,0
6184_7,1
7484_1,0
570_1,0
5181_10,1
10869_1,0
6990_1,0
7013_9,1
8355_2,0
6574_8,0
5725_3,0
11108_10,1
111_10,1
3173_8,1
1679_1,0
11001_10,1
4068_3,0
4978_7,1
3458_10,1
9674_3,0
2656_10,1
6772_10,1
8674_2,0
1884_3,0
763_10,1
4302_8,1
1041_9,1
6974_10,1
4523_10,1
9172_10,1
10672_1,0
11234_10,1
2739_2,0
10186_8,1
4163_3,0
4111_2,0
8357_3,0
9607_4,0
4574_1,0
9526_2,0
4900_8,1
5641_7,1
261_8,1
5784_8,1
1742_7,1
375_2,0
9945_8,1
3888_3,0
4948_2,0
12073_9,1
584_3,0
3991_7,1
6227_7,1
8715_10,1
210_4,1
8199_10,1
2899_1,0
803_10,1
10911_1,0
9821_8,1
6398_8,1
2886_1,0
6719_2,0
11537_4,0
2254_1,0
524_10,1
5631_8,1
12185_3,0
2397_4,0
9658_3,0
6818_10,1
5787_4,0
9785_3,0
12331_8,1
4764_10,1
11679_7,1
1062_10,1
9501_2,0
11032_7,1
9006_4,0
4146_10,1
11744_1,0
365_10,1
4529_8,1
3176_4,0
5975_1,0
10969_10,1
4294_2,0
6644_8,1
12327_1,0
8281_7,0
7293_3,0
2907_7,0
879_2,0
12031_7,1
11921_2,0
4157_8,1
3636_1,0
10167_7,1
9948_8,1
10954_10,1
5122_3,0
533_2,0
9447_1,0
9984_9,1
2784_1,0
9595_10,1
3659_9,1
7850_8,1
6844_10,1
6926_10,1
1156_9,1
4606_3,0
10296_8,1
7091_1,0
12492_7,1
2245_4,0
6075_2,0
9036_10,1
10775_8,1
5370_7,1
9586_3,0
12307_10,1
9213_7,1
10241_8,1
4453_10,1
2484_10,1
691_3,0
7636_2,0
3459_4,0
10644_3,0
4587_1,0
8914_8,1
11760_2,0
5509_10,1
8628_4,0
8190_4,0
5747_8,1
5997_9,1
1897_10,1
1328_10,1
8660_1,0
6705_10,1
11140_1,1
1635_7,1
7601_4,0
7741_9,1
1141_10,1
6953_7,1
7827_10,1
12220_8,1
1195_1,0
2243_4,0
2447_10,1
4299_8,1
8683_9,1
9064_4,0
6187_2,0
9263_8,1
10222_4,0
302_4,0
8063_10,1
3316_2,0
10986_1,0
10692_8,1
5714_1,0
7155_3,0
5678_1,0
7093_10,1
7852_9,1
12361_7,1
699_4,0
2116_10,1
57_4,0
8469_7,0
8617_9,0
7961_10,1
5145_4,0
11790_1,0
356_4,1
12001_1,0
7347_1,0
11058_10,1
1265_2,0
905_10,1
7391_2,0
4459_7,1
1251_4,0
4533_3,0
8380_9,1
1652_3,0
7124_8,1
5210_10,1
5390_9,1
10588_10,1
6245_1,0
5125_7,1
4838_10,1
9179_3,0
3110_1,0
10059_10,1
7355_10,1
2384_1,0
4640_3,0
5106_4,0
12026_1,0
3679_7,1
7845_10,1
7984_1,0
3519_7,1
9587_3,0
4108_2,0
9083_8,1
3673_3,0
7092_1,0
4476_9,1
7036_10,1
6183_7,1
2993_10,1
9403_1,0
3880_8,1
691_9,1
10711_10,1
11390_10,1
7884_1,0
454_8,1
4653_2,0
3238_1,0
3692_1,0
10883_7,1
4308_1,0
1065_10,1
8412_4,0
2604_8,1
7261_3,0
11075_10,1
11438_10,1
3107_8,1
5937_4,0
3397_4,0
9174_4,0
5259_1,0
11913_10,1
10936_8,1
2903_1,0
5813_4,0
8062_8,1
1324_7,1
12125_1,0
7201_1,0
5669_10,1
4332_10,1
3481_10,1
5016_1,0
1375_1,0
5559_1,0
8442_9,1
1333_1,0
6384_2,0
11939_4,0
7243_2,0
7860_10,1
1835_2,0
1064_10,1
3768_10,1
7057_9,1
4176_10,1
7461_10,1
11117_10,1
730_1,0
9118_10,1
5113_10,1
9933_1,0
2197_7,1
4640_10,1
9365_9,1
9703_9,1
8109_10,1
9802_10,1
3067_1,0
9915_2,0
10114_1,0
5048_9,1
12215_10,1
6182_7,1
10005_7,1
11710_10,1
12002_1,0
7668_10,1
6958_7,1
9083_1,0
6615_8,1
7980_10,1
6303_8,1
9280_9,1
2041_2,0
3161_10,1
7532_4,0
1397_7,1
1184_3,0
7061_1,0
3402_2,0
11416_10,1
9389_7,1
9251_9,1
1422_10,1
7415_2,0
7492_7,1
7689_10,1
12370_4,0
5625_8,1
9397_9,1
5992_7,1
2488_10,0
9627_10,1
3822_2,0
5983_4,0
8021_2,0
3471_3,0
6034_10,1
1988_9,1
7623_9,1
5974_7,1
2034_9,1
9416_3,0
10994_1,0
10957_3,0
2372_1,0
3453_3,0
5064_1,0
10905_3,0
10194_3,0
8478_8,1
